customer_id,tenure_months,monthly_charges,total_charges,contract_type,payment_method,num_support_tickets,satisfaction_score,has_fiber,churned
100000,40,32.34,1850.00,two_year,credit_card,2,3.67,false,0
100001,32,43.80,1050.00,one_year,bank_transfer,4,2.27,false,0
100002,30,64.53,850.00,two_year,credit_card,1,3.37,true,0
100003,11,70.96,1500.00,month_to_month,mailed_check,0,2.87,false,0
100004,29,67.67,1250.00,month_to_month,bank_transfer,4,5.00,false,0
100005,30,66.38,1400.00,one_year,credit_card,0,3.46,false,0
100006,43,58.63,1100.00,month_to_month,credit_card,1,4.01,false,0
100007,7,55.92,1800.00,month_to_month,bank_transfer,3,3.90,false,0
100008,21,57.41,1100.00,two_year,credit_card,1,5.00,false,0
100009,40,43.41,2100.00,one_year,bank_transfer,4,3.12,false,0
100010,65,54.52,1150.00,month_to_month,credit_card,3,3.51,false,0
100011,1,108.34,7550.00,month_to_month,bank_transfer,5,3.45,false,1
100012,14,45.27,8900.00,one_year,electronic_check,2,1.87,false,1
100013,9,71.24,8200.00,two_year,mailed_check,5,2.49,true,1
100014,48,35.95,1300.00,two_year,credit_card,0,,false,0
100015,27,73.09,2000.00,one_year,credit_card,2,2.96,true,0
100016,31,71.45,1350.00,one_year,electronic_check,0,5.00,false,0
100017,17,68.62,1050.00,two_year,electronic_check,2,3.47,false,0
100018,1,39.21,2250.00,two_year,mailed_check,4,4.26,true,0
100019,1,91.35,1550.00,month_to_month,mailed_check,3,3.25,true,0
100020,25,96.36,9650.00,month_to_month,mailed_check,5,2.38,false,1
100021,1,59.33,8750.00,one_year,electronic_check,5,2.62,true,1
100022,24,57.31,1900.00,two_year,credit_card,3,3.79,true,0
100023,22,96.85,8350.00,month_to_month,electronic_check,4,2.56,true,1
100024,27,58.03,1400.00,month_to_month,bank_transfer,0,3.02,false,0
100025,20,70.51,850.00,one_year,credit_card,3,3.74,false,0
100026,9,58.95,8150.00,month_to_month,bank_transfer,1,4.22,true,1
100027,23,110.46,9500.00,month_to_month,electronic_check,1,2.23,false,1
100028,34,60.18,1600.00,one_year,bank_transfer,5,3.29,false,0
100029,35,84.85,1500.00,one_year,bank_transfer,0,3.57,false,0
100030,27,68.60,1300.00,one_year,mailed_check,2,5.00,false,0
100031,25,69.00,1750.00,two_year,credit_card,0,4.23,false,0
100032,25,56.11,1550.00,two_year,bank_transfer,1,3.71,true,0
100033,22,49.78,1650.00,month_to_month,mailed_check,2,3.55,false,0
100034,15,119.85,8450.00,month_to_month,mailed_check,2,3.65,true,1
100035,54,54.82,2250.00,month_to_month,bank_transfer,0,4.00,true,0
100036,60,52.20,2150.00,month_to_month,electronic_check,1,3.54,true,0
100037,46,55.21,1500.00,one_year,credit_card,4,3.39,true,0
100038,25,85.33,9000.00,one_year,credit_card,4,1.96,true,1
100039,31,80.58,8500.00,two_year,electronic_check,2,3.15,false,1
100040,18,74.82,1000.00,month_to_month,electronic_check,3,4.06,false,0
100041,24,48.25,1750.00,month_to_month,credit_card,2,3.70,true,0
100042,42,53.57,1900.00,two_year,credit_card,5,3.73,false,0
100043,42,61.55,1800.00,month_to_month,electronic_check,2,3.73,false,0
100044,33,31.96,2450.00,one_year,electronic_check,3,2.86,false,0
100045,17,78.54,8800.00,month_to_month,bank_transfer,4,3.15,false,1
100046,10,72.21,1450.00,one_year,mailed_check,1,3.37,false,0
100047,32,35.38,1100.00,one_year,bank_transfer,1,4.57,false,0
100048,22,56.01,1850.00,month_to_month,bank_transfer,5,3.69,true,0
100049,37,46.56,1350.00,one_year,credit_card,4,3.73,false,0
100050,18,82.75,1650.00,two_year,bank_transfer,0,3.09,false,0
100051,28,90.76,8300.00,month_to_month,credit_card,2,3.88,true,1
100052,20,41.56,1250.00,one_year,bank_transfer,4,4.05,true,0
100053,23,65.10,1800.00,two_year,electronic_check,2,2.05,true,0
100054,59,65.82,2000.00,month_to_month,credit_card,3,4.14,true,0
100055,28,41.20,8950.00,month_to_month,electronic_check,0,3.01,true,1
100056,11,82.52,9150.00,month_to_month,bank_transfer,4,4.09,true,1
100057,25,71.71,2050.00,two_year,electronic_check,3,4.90,false,0
100058,37,22.28,2200.00,one_year,bank_transfer,1,2.78,false,0
100059,18,79.92,1200.00,two_year,credit_card,1,2.98,true,0
100060,24,97.12,9300.00,month_to_month,electronic_check,3,3.08,false,1
100061,25,88.58,1950.00,one_year,credit_card,2,5.00,false,0
100062,21,93.89,8800.00,month_to_month,electronic_check,2,3.26,false,1
100063,48,50.34,1350.00,one_year,credit_card,3,4.34,false,0
100064,1,101.32,1050.00,month_to_month,credit_card,3,3.69,false,0
100065,20,43.53,1250.00,month_to_month,mailed_check,2,4.42,false,0
100066,14,102.41,9150.00,month_to_month,electronic_check,1,3.48,true,1
100067,1,80.10,10050.00,month_to_month,credit_card,3,3.27,true,1
100068,50,38.34,900.00,month_to_month,electronic_check,3,4.47,true,0
100069,68,72.80,2000.00,month_to_month,credit_card,1,3.71,false,0
100070,31,52.64,2100.00,two_year,electronic_check,1,2.74,false,0
100071,61,71.01,1150.00,month_to_month,bank_transfer,1,2.73,true,0
100072,14,83.24,9250.00,month_to_month,electronic_check,1,3.65,false,1
100073,28,53.20,1750.00,month_to_month,bank_transfer,1,4.05,false,0
100074,34,75.76,1550.00,two_year,bank_transfer,0,3.26,true,0
100075,29,86.82,1750.00,month_to_month,electronic_check,2,3.70,false,0
100076,,71.06,1150.00,month_to_month,bank_transfer,1,3.50,false,0
100077,5,77.95,8850.00,one_year,credit_card,2,3.15,true,1
100078,33,79.20,950.00,month_to_month,bank_transfer,0,4.56,true,0
100079,48,45.74,1650.00,month_to_month,bank_transfer,2,5.00,false,0
100080,43,43.60,1900.00,two_year,bank_transfer,1,4.14,true,0
100081,25,51.45,1100.00,one_year,electronic_check,1,4.65,false,0
100082,5,65.95,1400.00,one_year,electronic_check,0,5.00,false,0
100083,53,97.95,2200.00,one_year,electronic_check,5,3.47,true,0
100084,30,80.07,8900.00,month_to_month,electronic_check,3,3.75,true,1
100085,52,57.28,2200.00,two_year,bank_transfer,0,4.65,true,0
100086,14,56.31,1950.00,two_year,mailed_check,0,3.52,true,0
100087,43,62.49,1500.00,two_year,electronic_check,0,2.93,false,0
100088,41,71.25,1650.00,one_year,credit_card,1,3.83,false,0
100089,20,60.48,1550.00,one_year,electronic_check,2,4.22,true,0
100090,56,61.19,1350.00,one_year,credit_card,1,3.98,false,0
100091,54,67.28,1150.00,two_year,bank_transfer,4,3.80,true,0
100092,1,59.21,1250.00,one_year,credit_card,0,3.88,false,0
100093,51,66.05,1550.00,one_year,mailed_check,1,3.19,true,0
100094,28,74.22,1700.00,one_year,credit_card,2,3.37,true,0
100095,15,66.63,1500.00,one_year,credit_card,4,2.07,false,0
100096,34,91.41,1900.00,month_to_month,credit_card,3,2.21,false,0
100097,21,106.25,9250.00,one_year,credit_card,6,1.90,false,1
100098,39,64.77,1650.00,two_year,credit_card,2,2.83,false,0
100099,48,40.30,1100.00,month_to_month,mailed_check,0,4.37,false,0
100100,18,48.63,8700.00,month_to_month,credit_card,4,3.21,true,1
100101,12,100.69,1650.00,one_year,credit_card,1,2.92,true,0
100102,10,96.63,8800.00,month_to_month,bank_transfer,2,3.13,true,1
100103,7,60.96,1700.00,month_to_month,credit_card,2,2.99,false,0
100104,40,111.57,1550.00,two_year,credit_card,1,4.13,true,0
100105,16,69.19,1550.00,two_year,mailed_check,1,2.84,false,0
100106,17,57.71,8400.00,month_to_month,credit_card,3,3.37,false,1
100107,12,75.36,1450.00,one_year,mailed_check,1,3.89,false,0
100108,44,460.00,8500.00,two_year,mailed_check,2,4.30,true,1
100109,2,64.83,9600.00,month_to_month,bank_transfer,5,4.52,false,1
100110,15,49.32,1500.00,month_to_month,mailed_check,2,2.89,false,0
100111,,74.93,1700.00,month_to_month,bank_transfer,6,3.61,false,0
100112,19,65.12,500.00,two_year,electronic_check,2,3.20,true,0
100113,42,39.39,1700.00,two_year,bank_transfer,5,4.76,false,0
100114,,21.67,1350.00,one_year,credit_card,0,2.75,false,0
100115,29,66.61,1700.00,one_year,mailed_check,4,4.70,false,0
100116,23,53.80,9100.00,month_to_month,credit_card,7,2.41,true,1
100117,28,62.24,2100.00,month_to_month,credit_card,2,,false,0
100118,33,97.51,9700.00,month_to_month,mailed_check,1,2.86,true,1
100119,10,73.51,9050.00,month_to_month,mailed_check,9,3.73,true,1
100120,18,70.92,1900.00,month_to_month,mailed_check,3,5.00,true,0
100121,2,98.68,9500.00,month_to_month,electronic_check,2,2.31,true,1
100122,30,61.65,2300.00,one_year,bank_transfer,3,3.50,false,0
100123,30,64.88,300.00,two_year,electronic_check,0,4.47,true,0
100124,27,63.59,1200.00,one_year,bank_transfer,2,4.79,false,0
100125,56,56.96,900.00,two_year,bank_transfer,2,2.10,true,0
100126,20,67.62,1500.00,one_year,credit_card,0,3.69,true,0
100127,11,47.21,2050.00,month_to_month,bank_transfer,1,4.06,true,0
100128,19,52.29,1950.00,two_year,electronic_check,0,4.01,true,0
100129,14,97.93,2300.00,two_year,credit_card,4,3.47,true,0
100130,27,47.94,1550.00,one_year,mailed_check,3,3.21,true,0
100131,8,130.82,9350.00,one_year,credit_card,1,,true,1
100132,22,82.97,1750.00,two_year,bank_transfer,5,3.95,true,0
100133,23,73.09,9200.00,month_to_month,bank_transfer,6,3.16,true,1
100134,8,96.29,9250.00,month_to_month,electronic_check,3,4.96,true,1
100135,23,67.78,1250.00,two_year,bank_transfer,3,4.42,true,0
100136,15,60.33,1200.00,two_year,mailed_check,1,3.72,false,0
100137,29,22.42,1550.00,one_year,electronic_check,0,3.24,false,0
100138,50,60.79,750.00,two_year,bank_transfer,1,,true,0
100139,32,43.12,8400.00,month_to_month,electronic_check,3,2.83,true,1
100140,8,42.43,9050.00,one_year,electronic_check,2,3.90,false,1
100141,38,83.28,1450.00,month_to_month,credit_card,1,4.63,true,0
100142,15,110.94,8200.00,month_to_month,mailed_check,4,4.36,true,1
100143,47,55.34,1550.00,one_year,electronic_check,1,4.50,false,0
100144,13,58.43,1700.00,month_to_month,bank_transfer,0,3.85,false,0
100145,39,54.60,1150.00,one_year,bank_transfer,2,3.18,true,0
100146,1,88.05,1200.00,one_year,electronic_check,4,3.98,true,0
100147,16,107.76,8150.00,month_to_month,electronic_check,5,3.67,true,1
100148,21,92.36,9150.00,one_year,credit_card,2,3.99,false,1
100149,28,108.48,1700.00,one_year,electronic_check,1,2.58,true,0
100150,59,58.37,2150.00,one_year,electronic_check,2,3.82,false,0
100151,18,50.41,1550.00,one_year,bank_transfer,0,5.00,true,0
100152,46,80.25,1500.00,one_year,bank_transfer,4,4.37,true,0
100153,23,71.69,1600.00,month_to_month,bank_transfer,1,3.37,false,0
100154,19,74.97,2400.00,one_year,credit_card,2,4.83,false,0
100155,15,63.95,1400.00,month_to_month,credit_card,0,3.56,true,0
100156,1,45.60,1050.00,month_to_month,bank_transfer,3,3.34,false,0
100157,35,73.18,1250.00,two_year,bank_transfer,3,2.29,false,0
100158,6,72.80,8500.00,month_to_month,electronic_check,4,3.57,true,1
100159,,73.60,900.00,one_year,credit_card,3,4.66,false,0
100160,15,89.94,8700.00,one_year,electronic_check,0,5.00,true,1
100161,20,105.19,10150.00,month_to_month,bank_transfer,0,3.81,false,1
100162,37,78.90,1650.00,two_year,credit_card,0,2.76,true,0
100163,8,84.46,1300.00,two_year,electronic_check,3,3.78,true,0
100164,29,63.91,1000.00,one_year,bank_transfer,3,3.69,false,0
100165,12,76.10,1350.00,one_year,bank_transfer,0,3.98,false,0
100166,38,54.44,2400.00,two_year,bank_transfer,3,3.35,true,0
100167,10,90.09,8700.00,month_to_month,bank_transfer,3,2.82,true,1
100168,19,34.06,1450.00,one_year,credit_card,1,3.45,true,0
100169,37,60.46,1750.00,one_year,mailed_check,2,3.49,false,0
100170,38,75.50,1450.00,month_to_month,mailed_check,0,3.52,true,0
100171,20,59.45,1350.00,month_to_month,electronic_check,2,3.30,true,0
100172,5,68.22,8900.00,one_year,mailed_check,2,2.88,true,1
100173,48,84.17,1800.00,two_year,credit_card,3,4.42,false,0
100174,13,56.64,1800.00,one_year,electronic_check,5,4.36,true,0
100175,22,71.64,9250.00,one_year,credit_card,3,3.05,true,1
100176,30,51.70,700.00,month_to_month,mailed_check,0,3.58,false,0
100177,14,40.77,1600.00,two_year,electronic_check,1,4.53,false,0
100178,25,71.29,1100.00,two_year,credit_card,0,3.24,false,0
100179,45,88.59,1500.00,two_year,electronic_check,4,3.65,true,0
100180,3,83.62,9350.00,month_to_month,electronic_check,2,4.13,true,1
100181,38,60.79,600.00,month_to_month,credit_card,2,2.45,false,0
100182,67,49.60,1600.00,month_to_month,credit_card,3,2.86,true,0
100183,28,76.07,1350.00,month_to_month,credit_card,0,4.42,false,0
100184,27,71.92,1700.00,month_to_month,electronic_check,0,4.85,true,0
100185,27,70.94,1450.00,month_to_month,credit_card,3,3.18,false,0
100186,15,72.58,1100.00,one_year,bank_transfer,4,3.42,false,0
100187,59,62.00,1150.00,one_year,bank_transfer,1,4.02,false,0
100188,31,67.39,1700.00,two_year,credit_card,6,3.80,true,0
100189,32,33.61,1600.00,one_year,electronic_check,1,3.76,true,0
100190,16,88.23,8400.00,month_to_month,mailed_check,1,2.68,false,1
100191,27,73.89,1900.00,one_year,credit_card,3,,true,0
100192,19,79.90,1650.00,two_year,bank_transfer,3,3.79,true,0
100193,1,65.73,1300.00,two_year,credit_card,1,3.85,true,0
100194,49,54.89,2150.00,one_year,credit_card,4,4.53,false,0
100195,22,78.15,8000.00,month_to_month,mailed_check,0,3.75,false,1
100196,7,85.95,800.00,month_to_month,mailed_check,2,,true,0
100197,30,69.08,2150.00,two_year,bank_transfer,3,3.87,false,0
100198,11,74.17,9350.00,month_to_month,electronic_check,2,5.00,true,1
100199,28,28.11,1650.00,one_year,electronic_check,3,3.65,true,0
100200,43,76.33,1850.00,two_year,mailed_check,0,5.00,true,0
100201,17,67.93,8550.00,month_to_month,credit_card,5,2.84,true,1
100202,13,59.06,1050.00,one_year,electronic_check,3,3.64,false,0
100203,55,79.94,1550.00,month_to_month,bank_transfer,0,4.12,true,0
100204,26,84.41,950.00,month_to_month,bank_transfer,2,3.02,true,0
100205,,68.90,2050.00,month_to_month,credit_card,3,4.99,true,0
100206,17,62.55,8750.00,month_to_month,electronic_check,0,3.30,true,1
100207,51,51.21,1500.00,two_year,credit_card,3,3.53,false,0
100208,28,51.06,1000.00,one_year,electronic_check,4,5.00,false,0
100209,35,88.71,2000.00,two_year,mailed_check,0,2.54,true,0
100210,36,59.92,9700.00,month_to_month,electronic_check,4,2.93,false,1
100211,13,70.99,8850.00,one_year,bank_transfer,3,3.55,true,1
100212,44,75.32,1400.00,one_year,mailed_check,2,,false,0
100213,9,84.80,950.00,month_to_month,credit_card,3,2.82,true,0
100214,42,93.80,900.00,two_year,bank_transfer,0,,true,0
100215,39,117.13,9400.00,month_to_month,electronic_check,1,4.38,false,1
100216,71,44.25,800.00,two_year,electronic_check,3,3.99,false,0
100217,9,84.54,9150.00,month_to_month,credit_card,1,2.68,true,1
100218,17,55.89,850.00,one_year,bank_transfer,2,3.27,true,0
100219,1,51.16,9150.00,month_to_month,credit_card,3,3.56,true,1
100220,16,78.76,850.00,month_to_month,bank_transfer,3,2.78,true,0
100221,22,59.08,1800.00,month_to_month,credit_card,5,2.98,false,0
100222,41,29.56,2000.00,one_year,electronic_check,0,3.53,false,0
100223,20,108.85,9150.00,one_year,credit_card,3,2.86,false,1
100224,22,84.62,700.00,month_to_month,electronic_check,2,4.79,false,0
100225,37,47.00,1650.00,month_to_month,bank_transfer,2,3.40,true,0
100226,25,64.81,8500.00,month_to_month,credit_card,0,3.67,true,1
100227,47,62.77,1500.00,month_to_month,credit_card,4,5.00,true,0
100228,13,48.99,1250.00,month_to_month,bank_transfer,2,3.38,true,0
100229,21,47.03,1300.00,month_to_month,credit_card,2,3.32,true,0
100230,33,65.18,1400.00,month_to_month,electronic_check,3,3.24,false,0
100231,9,41.40,1150.00,month_to_month,credit_card,3,3.44,false,0
100232,32,76.20,1400.00,two_year,electronic_check,2,2.40,false,0
100233,24,57.52,8400.00,one_year,credit_card,0,3.51,false,1
100234,27,46.86,2100.00,two_year,credit_card,2,3.12,false,0
100235,44,57.36,1800.00,one_year,bank_transfer,3,2.67,false,0
100236,44,46.52,1100.00,two_year,credit_card,3,3.65,true,0
100237,47,50.76,1950.00,two_year,credit_card,2,3.20,false,0
100238,46,59.51,950.00,two_year,bank_transfer,0,4.22,false,0
100239,39,72.11,550.00,month_to_month,credit_card,5,3.55,true,0
100240,20,44.07,1400.00,two_year,mailed_check,3,3.39,false,0
100241,42,60.89,1500.00,one_year,mailed_check,4,3.66,false,0
100242,22,51.82,9750.00,one_year,credit_card,2,2.38,true,1
100243,11,74.10,7800.00,month_to_month,bank_transfer,7,2.37,true,1
100244,66,73.16,1450.00,one_year,electronic_check,0,3.18,false,0
100245,1,101.22,9750.00,one_year,credit_card,5,2.04,true,1
100246,43,84.65,1450.00,one_year,credit_card,5,3.68,false,0
100247,37,66.05,650.00,two_year,electronic_check,5,3.70,false,0
100248,60,56.18,1100.00,two_year,mailed_check,3,3.18,true,0
100249,37,83.05,1650.00,month_to_month,bank_transfer,0,3.62,true,0
100250,22,95.35,8150.00,two_year,electronic_check,4,3.50,false,1
100251,50,55.25,800.00,one_year,credit_card,0,4.45,false,0
100252,40,49.31,1600.00,one_year,credit_card,0,3.31,true,0
100253,34,96.95,1500.00,month_to_month,electronic_check,2,2.99,true,0
100254,31,39.66,1400.00,one_year,bank_transfer,1,3.09,true,0
100255,31,39.42,1350.00,month_to_month,electronic_check,4,4.91,false,0
100256,65,67.10,1450.00,month_to_month,credit_card,1,2.05,false,0
100257,28,27.40,1500.00,two_year,bank_transfer,4,4.12,true,0
100258,27,55.14,1150.00,two_year,bank_transfer,0,3.82,true,0
100259,2,96.95,8450.00,month_to_month,mailed_check,3,3.91,false,1
100260,1,35.00,7600.00,month_to_month,bank_transfer,4,4.88,false,1
100261,19,68.79,2400.00,one_year,electronic_check,2,4.21,true,0
100262,67,65.63,1500.00,two_year,bank_transfer,0,3.05,true,0
100263,40,99.69,1750.00,one_year,electronic_check,1,3.74,true,0
100264,25,56.88,1250.00,one_year,bank_transfer,0,3.22,false,0
100265,17,65.51,1850.00,month_to_month,electronic_check,0,1.88,false,0
100266,29,68.78,1450.00,two_year,credit_card,0,3.70,true,0
100267,37,66.60,1450.00,one_year,credit_card,3,3.98,true,0
100268,21,81.73,9550.00,month_to_month,electronic_check,3,1.73,true,1
100269,23,57.73,1950.00,one_year,electronic_check,0,2.82,false,0
100270,39,58.82,1500.00,one_year,credit_card,1,3.03,false,0
100271,28,106.22,1200.00,one_year,bank_transfer,0,4.38,true,0
100272,45,94.61,1250.00,one_year,bank_transfer,0,3.66,false,0
100273,26,50.18,1250.00,month_to_month,bank_transfer,4,2.52,false,0
100274,14,63.57,2000.00,one_year,credit_card,1,3.37,false,0
100275,8,70.61,1400.00,two_year,credit_card,0,3.71,false,0
100276,33,35.11,700.00,one_year,credit_card,3,4.86,false,0
100277,60,73.16,1700.00,month_to_month,electronic_check,5,3.64,false,0
100278,49,62.34,1750.00,two_year,bank_transfer,0,3.28,true,0
100279,14,107.89,9100.00,month_to_month,electronic_check,5,2.68,true,1
100280,14,53.26,1650.00,one_year,electronic_check,0,4.00,true,0
100281,35,62.18,8550.00,one_year,electronic_check,4,3.07,true,1
100282,,26.14,1300.00,one_year,bank_transfer,2,2.26,true,0
100283,16,68.35,9250.00,one_year,credit_card,2,2.19,false,1
100284,45,68.05,750.00,two_year,bank_transfer,2,2.61,true,0
100285,1,71.90,8750.00,month_to_month,electronic_check,4,3.70,true,1
100286,29,62.32,1800.00,one_year,electronic_check,4,4.70,true,0
100287,1,74.50,1750.00,month_to_month,electronic_check,0,5.00,false,0
100288,46,94.74,1300.00,one_year,credit_card,3,3.25,true,0
100289,,60.32,1700.00,two_year,electronic_check,0,3.85,false,0
100290,20,94.98,8900.00,month_to_month,credit_card,6,4.43,false,1
100291,58,74.77,1850.00,one_year,bank_transfer,0,3.27,false,0
100292,21,39.78,9700.00,month_to_month,credit_card,3,4.15,true,1
100293,38,89.69,2000.00,month_to_month,credit_card,1,4.97,true,0
100294,28,70.31,2100.00,month_to_month,credit_card,2,2.46,true,0
100295,23,60.05,1500.00,one_year,bank_transfer,2,4.02,true,0
100296,28,101.01,9350.00,month_to_month,electronic_check,3,4.12,false,1
100297,37,81.98,1850.00,month_to_month,bank_transfer,1,4.15,false,0
100298,32,20.04,2050.00,month_to_month,bank_transfer,5,3.57,false,0
100299,27,65.61,1500.00,two_year,bank_transfer,1,4.37,true,0
100300,8,72.53,950.00,one_year,electronic_check,2,5.00,false,0
100301,9,107.04,7950.00,month_to_month,mailed_check,7,4.17,true,1
100302,40,41.59,2300.00,one_year,bank_transfer,3,5.00,false,0
100303,18,55.17,1150.00,two_year,electronic_check,4,2.90,true,0
100304,1,72.88,8600.00,month_to_month,credit_card,0,3.78,true,1
100305,1,91.59,1050.00,two_year,credit_card,0,3.01,false,0
100306,39,61.39,950.00,two_year,mailed_check,2,2.91,true,0
100307,22,70.41,1650.00,two_year,electronic_check,3,1.98,true,0
100308,82,47.65,1300.00,one_year,bank_transfer,0,4.17,false,0
100309,37,95.36,1500.00,month_to_month,bank_transfer,1,4.56,false,0
100310,25,105.19,10150.00,one_year,mailed_check,4,3.84,true,1
100311,34,63.77,1400.00,two_year,mailed_check,0,3.16,true,0
100312,1,45.24,500.00,month_to_month,electronic_check,4,4.82,true,0
100313,16,60.34,2200.00,month_to_month,electronic_check,4,4.10,false,0
100314,43,69.09,1500.00,two_year,electronic_check,4,4.65,false,0
100315,29,76.78,1050.00,two_year,bank_transfer,3,2.99,false,0
100316,30,52.46,2300.00,one_year,electronic_check,4,4.08,false,0
100317,39,54.76,1450.00,month_to_month,credit_card,4,3.08,false,0
100318,26,89.55,600.00,month_to_month,electronic_check,3,4.61,true,0
100319,34,30.43,1200.00,two_year,electronic_check,1,4.34,false,0
100320,22,50.99,1250.00,month_to_month,electronic_check,2,4.56,false,0
100321,20,80.26,9000.00,two_year,credit_card,2,3.13,false,1
100322,,95.75,9600.00,month_to_month,electronic_check,3,4.65,true,1
100323,26,56.28,1300.00,one_year,electronic_check,3,4.30,false,0
100324,13,64.63,1950.00,month_to_month,electronic_check,2,3.53,true,0
100325,43,64.07,1550.00,one_year,credit_card,1,3.72,false,0
100326,13,97.09,8700.00,month_to_month,bank_transfer,1,4.45,false,1
100327,51,83.95,1850.00,one_year,electronic_check,4,5.00,true,0
100328,37,77.60,1000.00,one_year,mailed_check,0,3.47,false,0
100329,33,60.83,1250.00,month_to_month,credit_card,1,4.75,false,0
100330,1,84.60,8350.00,one_year,electronic_check,3,3.21,true,1
100331,26,77.80,1500.00,two_year,credit_card,0,3.56,true,0
100332,16,68.38,1000.00,one_year,bank_transfer,3,3.04,false,0
100333,30,54.18,1300.00,one_year,electronic_check,0,3.19,true,0
100334,,49.55,1650.00,one_year,bank_transfer,1,3.14,true,0
100335,11,50.58,1500.00,month_to_month,credit_card,1,4.36,false,0
100336,60,59.11,2300.00,one_year,electronic_check,3,2.22,false,0
100337,57,82.52,1300.00,month_to_month,bank_transfer,0,3.88,true,0
100338,12,70.34,9050.00,month_to_month,mailed_check,4,3.96,true,1
100339,21,110.54,9200.00,one_year,bank_transfer,5,4.17,true,1
100340,43,76.86,1700.00,one_year,bank_transfer,1,5.00,true,0
100341,35,67.74,1150.00,two_year,electronic_check,3,5.00,false,0
100342,50,71.92,1350.00,two_year,electronic_check,1,5.00,true,0
100343,49,66.61,1250.00,two_year,credit_card,5,4.85,true,0
100344,18,73.76,1050.00,month_to_month,electronic_check,4,3.80,false,0
100345,44,79.64,1850.00,month_to_month,credit_card,1,5.00,true,0
100346,39,83.42,1700.00,two_year,bank_transfer,1,4.57,true,0
100347,30,110.21,8600.00,month_to_month,electronic_check,3,3.25,false,1
100348,33,80.97,2450.00,one_year,bank_transfer,2,4.80,false,0
100349,46,29.57,2250.00,two_year,bank_transfer,5,3.98,true,0
100350,82,82.50,2300.00,two_year,credit_card,2,2.56,true,0
100351,25,70.80,1300.00,month_to_month,bank_transfer,3,4.93,false,0
100352,26,82.75,2100.00,two_year,credit_card,0,5.00,false,0
100353,3,116.08,8900.00,month_to_month,electronic_check,0,2.26,true,1
100354,8,45.41,1350.00,two_year,electronic_check,3,4.41,false,0
100355,22,48.67,1700.00,one_year,electronic_check,0,3.24,false,0
100356,15,90.20,1150.00,two_year,bank_transfer,2,4.11,false,0
100357,30,46.76,1450.00,month_to_month,electronic_check,8,4.93,false,0
100358,24,71.01,1150.00,two_year,electronic_check,1,3.78,true,0
100359,21,99.70,2400.00,one_year,electronic_check,1,4.66,false,0
100360,42,64.93,1650.00,month_to_month,credit_card,1,2.19,false,0
100361,3,74.27,7150.00,month_to_month,credit_card,2,4.17,true,1
100362,48,57.76,1500.00,month_to_month,electronic_check,0,3.05,true,0
100363,22,61.93,9150.00,month_to_month,credit_card,3,2.78,true,1
100364,4,58.96,300.00,one_year,bank_transfer,1,3.52,true,0
100365,,59.53,1750.00,month_to_month,mailed_check,1,2.92,false,0
100366,55,55.78,1200.00,month_to_month,electronic_check,4,4.75,false,0
100367,,79.46,1250.00,one_year,credit_card,5,4.43,true,0
100368,7,75.79,1050.00,month_to_month,credit_card,3,3.26,true,0
100369,48,79.98,1700.00,month_to_month,credit_card,5,3.21,false,0
100370,51,28.02,750.00,two_year,credit_card,2,3.73,true,0
100371,50,38.74,1050.00,month_to_month,credit_card,4,4.20,true,0
100372,47,74.71,1700.00,two_year,credit_card,0,4.05,false,0
100373,39,93.81,8950.00,month_to_month,electronic_check,4,3.85,true,1
100374,25,113.40,10100.00,month_to_month,electronic_check,1,2.86,true,1
100375,10,65.95,900.00,one_year,electronic_check,3,3.14,true,0
100376,28,49.62,1150.00,one_year,credit_card,3,2.96,false,0
100377,14,43.76,1150.00,month_to_month,mailed_check,3,3.75,true,0
100378,11,72.05,8500.00,month_to_month,electronic_check,7,3.35,true,1
100379,30,42.25,1500.00,one_year,electronic_check,1,3.12,false,0
100380,13,80.55,9050.00,month_to_month,electronic_check,5,2.57,false,1
100381,6,81.45,8350.00,month_to_month,bank_transfer,8,3.01,false,1
100382,34,60.45,1050.00,month_to_month,bank_transfer,1,3.39,false,0
100383,34,46.57,2400.00,two_year,electronic_check,0,4.59,true,0
100384,22,57.48,1750.00,one_year,electronic_check,0,2.76,true,0
100385,7,105.08,8350.00,month_to_month,electronic_check,4,1.92,false,1
100386,59,77.01,1200.00,month_to_month,electronic_check,3,2.43,true,0
100387,14,63.88,9750.00,one_year,electronic_check,6,4.59,true,1
100388,22,70.80,2300.00,month_to_month,credit_card,3,3.38,true,0
100389,47,66.35,1050.00,one_year,credit_card,3,3.36,true,0
100390,45,86.02,1250.00,one_year,electronic_check,4,4.85,true,0
100391,19,68.84,2350.00,month_to_month,credit_card,0,3.82,true,0
100392,22,52.60,1000.00,two_year,credit_card,2,4.34,true,0
100393,7,69.02,9100.00,month_to_month,bank_transfer,6,2.80,false,1
100394,44,74.19,1900.00,month_to_month,credit_card,5,3.28,true,0
100395,24,36.65,550.00,month_to_month,mailed_check,5,3.11,false,0
100396,18,75.23,1950.00,two_year,mailed_check,3,4.99,false,0
100397,38,51.77,1400.00,month_to_month,bank_transfer,0,4.67,false,0
100398,20,85.57,8250.00,month_to_month,electronic_check,5,1.59,true,1
100399,9,106.84,8150.00,two_year,electronic_check,3,3.39,true,1
100400,33,47.55,1700.00,one_year,credit_card,3,4.97,false,0
100401,15,107.34,8450.00,one_year,mailed_check,2,4.01,true,1
100402,21,48.18,1100.00,month_to_month,bank_transfer,3,3.59,false,0
100403,28,91.72,9000.00,month_to_month,credit_card,6,4.11,true,1
100404,20,70.01,1100.00,one_year,bank_transfer,5,4.17,false,0
100405,51,51.92,1150.00,month_to_month,mailed_check,1,4.17,true,0
100406,32,56.89,1150.00,month_to_month,credit_card,2,3.02,false,0
100407,,76.54,8850.00,month_to_month,bank_transfer,0,3.61,false,1
100408,22,68.96,9050.00,month_to_month,bank_transfer,4,2.52,true,1
100409,38,89.88,1350.00,month_to_month,credit_card,2,4.57,true,0
100410,39,54.38,550.00,month_to_month,bank_transfer,1,3.91,true,0
100411,19,64.55,8500.00,month_to_month,electronic_check,3,2.19,false,1
100412,43,58.31,900.00,one_year,electronic_check,2,5.00,true,0
100413,62,68.39,1000.00,month_to_month,electronic_check,3,3.84,false,0
100414,12,59.65,1150.00,two_year,credit_card,2,5.00,true,0
100415,28,51.19,1550.00,two_year,credit_card,3,5.00,false,0
100416,12,58.32,9650.00,month_to_month,bank_transfer,3,2.32,true,1
100417,31,68.50,1500.00,month_to_month,electronic_check,1,3.13,false,0
100418,56,94.52,650.00,month_to_month,electronic_check,3,2.83,true,0
100419,1,76.68,1300.00,one_year,credit_card,5,3.13,false,0
100420,28,67.13,1850.00,month_to_month,bank_transfer,0,3.86,false,0
100421,1,98.59,8300.00,month_to_month,electronic_check,4,5.00,false,1
100422,23,72.84,1150.00,one_year,electronic_check,0,3.45,true,0
100423,46,57.14,1750.00,month_to_month,mailed_check,2,4.06,false,0
100424,46,80.71,1450.00,month_to_month,bank_transfer,3,4.21,false,0
100425,22,100.92,9000.00,two_year,credit_card,5,2.69,false,1
100426,29,66.61,2100.00,two_year,bank_transfer,6,3.08,true,0
100427,10,63.87,1750.00,month_to_month,bank_transfer,2,3.44,false,0
100428,1,99.51,9950.00,month_to_month,electronic_check,6,2.62,false,1
100429,1,52.97,1350.00,two_year,credit_card,0,3.03,false,0
100430,27,73.80,1950.00,month_to_month,electronic_check,2,2.70,false,0
100431,19,53.51,1650.00,month_to_month,bank_transfer,0,3.05,true,0
100432,77,100.43,850.00,month_to_month,credit_card,0,4.56,true,0
100433,24,53.13,1200.00,month_to_month,credit_card,1,3.84,false,0
100434,27,58.60,1800.00,two_year,electronic_check,0,4.19,false,0
100435,29,48.41,850.00,one_year,mailed_check,2,3.44,false,0
100436,45,93.65,1650.00,two_year,electronic_check,4,2.78,true,0
100437,37,50.03,1750.00,one_year,mailed_check,1,3.02,false,0
100438,24,46.45,1500.00,month_to_month,bank_transfer,4,4.10,false,0
100439,26,52.94,1550.00,two_year,credit_card,0,,true,0
100440,33,55.60,1800.00,two_year,credit_card,0,3.99,true,0
100441,1,79.50,8100.00,one_year,bank_transfer,2,3.17,false,1
100442,17,68.36,10200.00,one_year,credit_card,7,3.63,true,1
100443,14,80.63,9650.00,two_year,bank_transfer,6,2.20,true,1
100444,1,32.73,850.00,month_to_month,bank_transfer,2,4.03,false,0
100445,1,96.29,8750.00,month_to_month,bank_transfer,5,2.90,true,1
100446,50,73.01,1450.00,month_to_month,bank_transfer,5,3.51,false,0
100447,2,70.77,1550.00,two_year,credit_card,1,,false,0
100448,16,44.10,1850.00,month_to_month,mailed_check,0,4.33,false,0
100449,34,53.99,1850.00,two_year,bank_transfer,0,3.30,true,0
100450,27,55.29,1600.00,one_year,bank_transfer,5,5.00,false,0
100451,36,79.05,1750.00,two_year,credit_card,5,4.23,true,0
100452,11,52.70,350.00,two_year,mailed_check,1,4.08,true,0
100453,49,65.30,1250.00,one_year,electronic_check,3,4.32,false,0
100454,36,63.99,850.00,one_year,electronic_check,1,4.74,false,0
100455,21,65.57,9200.00,month_to_month,mailed_check,2,1.04,true,1
100456,36,34.26,1250.00,two_year,electronic_check,2,3.36,false,0
100457,31,48.93,1900.00,two_year,bank_transfer,5,2.92,false,0
100458,14,84.39,1800.00,month_to_month,bank_transfer,2,3.36,false,0
100459,1,46.90,8700.00,month_to_month,electronic_check,4,3.16,true,1
100460,4,51.96,8250.00,two_year,credit_card,3,3.29,true,1
100461,36,96.76,1250.00,one_year,credit_card,3,3.61,false,0
100462,25,63.24,8550.00,month_to_month,electronic_check,3,4.50,false,1
100463,28,45.16,2500.00,one_year,bank_transfer,4,3.96,false,0
100464,16,70.38,1450.00,two_year,credit_card,2,4.23,true,0
100465,31,90.98,1500.00,two_year,bank_transfer,4,5.00,true,0
100466,39,71.48,1500.00,one_year,credit_card,2,2.20,true,0
100467,32,65.17,1750.00,month_to_month,electronic_check,0,2.94,false,0
100468,14,67.48,1500.00,month_to_month,electronic_check,3,3.84,false,0
100469,23,87.93,1200.00,month_to_month,bank_transfer,2,3.69,true,0
100470,48,73.16,2200.00,one_year,electronic_check,4,2.24,false,0
100471,76,57.69,1800.00,month_to_month,credit_card,3,3.39,true,0
100472,24,85.24,8450.00,month_to_month,electronic_check,3,2.95,false,1
100473,21,71.31,1600.00,one_year,credit_card,2,2.01,false,0
100474,19,110.96,8100.00,month_to_month,electronic_check,6,3.94,true,1
100475,55,58.08,1900.00,month_to_month,electronic_check,7,3.60,false,0
100476,54,54.82,1550.00,one_year,electronic_check,3,3.33,false,0
100477,18,90.51,1700.00,two_year,bank_transfer,3,4.43,true,0
100478,,60.08,1800.00,two_year,credit_card,0,3.83,false,0
100479,16,69.02,1000.00,one_year,credit_card,1,3.43,false,0
100480,29,87.02,1200.00,two_year,credit_card,1,2.71,false,0
100481,30,68.37,1800.00,one_year,bank_transfer,0,3.33,true,0
100482,36,82.53,9300.00,month_to_month,electronic_check,0,2.03,true,1
100483,24,87.10,1850.00,month_to_month,electronic_check,4,2.29,false,0
100484,50,28.78,1100.00,month_to_month,bank_transfer,1,3.11,false,0
100485,57,51.90,1050.00,month_to_month,credit_card,0,2.50,true,0
100486,15,85.24,8950.00,two_year,electronic_check,4,3.13,true,1
100487,26,52.59,1950.00,month_to_month,credit_card,4,3.69,false,0
100488,31,65.53,900.00,one_year,bank_transfer,0,3.93,true,0
100489,3,87.26,8200.00,month_to_month,mailed_check,0,2.97,false,1
100490,47,69.21,1950.00,one_year,bank_transfer,3,3.60,true,0
100491,1,98.05,1000.00,two_year,credit_card,3,2.68,true,0
100492,39,65.40,2250.00,month_to_month,bank_transfer,1,4.01,false,0
100493,14,56.14,1500.00,month_to_month,bank_transfer,0,3.94,false,0
100494,1,74.59,8300.00,month_to_month,credit_card,3,3.10,true,1
100495,36,96.44,1350.00,month_to_month,credit_card,3,2.00,true,0
100496,34,73.62,1850.00,one_year,credit_card,1,3.93,true,0
100497,,64.85,1300.00,one_year,electronic_check,4,4.73,true,0
100498,15,50.09,1250.00,one_year,electronic_check,0,3.37,true,0
100499,34,41.56,1650.00,one_year,bank_transfer,0,2.51,true,0
100500,24,126.86,8800.00,month_to_month,electronic_check,4,3.02,true,1
100501,19,75.03,1400.00,month_to_month,bank_transfer,2,3.88,false,0
100502,11,39.05,1650.00,two_year,credit_card,5,3.67,true,0
100503,2,90.69,1550.00,month_to_month,bank_transfer,6,4.65,true,0
100504,35,65.80,900.00,month_to_month,bank_transfer,0,4.62,true,0
100505,30,72.08,2200.00,two_year,credit_card,6,2.67,false,0
100506,40,53.24,1550.00,one_year,electronic_check,2,2.99,false,0
100507,28,66.49,1900.00,one_year,mailed_check,1,2.63,true,0
100508,38,60.26,1650.00,one_year,bank_transfer,6,2.95,false,0
100509,,58.79,9150.00,month_to_month,bank_transfer,4,2.31,false,1
100510,6,58.89,2050.00,two_year,bank_transfer,6,4.04,false,0
100511,43,103.52,1200.00,month_to_month,bank_transfer,5,3.58,false,0
100512,35,49.47,1550.00,one_year,credit_card,1,3.42,false,0
100513,30,44.12,1400.00,one_year,credit_card,2,3.88,false,0
100514,61,75.64,1350.00,one_year,electronic_check,1,5.00,false,0
100515,10,74.75,1850.00,two_year,mailed_check,2,4.55,true,0
100516,38,70.42,2350.00,one_year,credit_card,5,3.55,true,0
100517,16,91.89,2450.00,two_year,credit_card,4,1.66,true,0
100518,,78.07,2200.00,month_to_month,credit_card,2,3.42,true,0
100519,26,94.48,1900.00,one_year,credit_card,3,4.15,true,0
100520,4,84.76,9700.00,month_to_month,bank_transfer,3,3.05,true,1
100521,3,81.16,8850.00,month_to_month,credit_card,4,4.07,true,1
100522,53,88.61,1650.00,two_year,electronic_check,4,2.80,false,0
100523,14,79.71,1450.00,one_year,credit_card,3,4.15,true,0
100524,18,61.42,2100.00,one_year,bank_transfer,3,1.71,true,0
100525,50,72.14,1500.00,one_year,credit_card,2,3.83,true,0
100526,13,90.92,8350.00,month_to_month,credit_card,4,4.57,true,1
100527,30,77.89,950.00,one_year,credit_card,2,3.33,true,0
100528,63,83.00,1900.00,one_year,credit_card,1,3.12,false,0
100529,1,57.59,2150.00,month_to_month,bank_transfer,3,3.41,false,0
100530,8,62.73,1000.00,two_year,bank_transfer,2,2.91,true,0
100531,9,87.32,9050.00,month_to_month,bank_transfer,6,,true,1
100532,36,59.15,1300.00,one_year,mailed_check,1,3.13,false,0
100533,1,62.25,1550.00,month_to_month,credit_card,3,4.18,true,0
100534,15,53.70,2100.00,month_to_month,credit_card,0,4.22,true,0
100535,29,55.86,1950.00,one_year,bank_transfer,2,4.60,false,0
100536,4,47.16,1650.00,one_year,electronic_check,2,3.69,true,0
100537,35,64.24,1350.00,two_year,mailed_check,5,3.26,false,0
100538,34,60.95,1450.00,one_year,bank_transfer,1,3.60,false,0
100539,18,68.80,1200.00,one_year,bank_transfer,2,4.46,false,0
100540,34,109.19,9800.00,month_to_month,credit_card,2,,true,1
100541,37,57.73,1550.00,two_year,electronic_check,1,3.38,false,0
100542,20,64.34,1650.00,two_year,electronic_check,4,4.28,false,0
100543,29,69.04,1200.00,one_year,mailed_check,2,4.87,false,0
100544,19,121.50,8300.00,month_to_month,electronic_check,5,3.41,false,1
100545,48,81.36,950.00,one_year,credit_card,1,3.41,false,0
100546,15,69.29,1100.00,month_to_month,bank_transfer,0,2.60,false,0
100547,27,42.82,1750.00,two_year,electronic_check,0,3.72,false,0
100548,10,99.23,9000.00,month_to_month,electronic_check,2,3.63,true,1
100549,10,67.20,1450.00,one_year,mailed_check,7,3.56,false,0
100550,1,83.26,8450.00,month_to_month,bank_transfer,0,3.17,true,1
100551,35,46.54,1950.00,month_to_month,bank_transfer,3,2.91,false,0
100552,26,460.00,1800.00,two_year,bank_transfer,4,3.04,true,0
100553,46,57.24,1350.00,two_year,bank_transfer,4,3.96,true,0
100554,1,77.34,1550.00,month_to_month,bank_transfer,1,2.90,false,0
100555,45,61.12,2200.00,month_to_month,credit_card,1,4.46,true,0
100556,51,46.31,1350.00,month_to_month,credit_card,2,3.66,false,0
100557,26,78.38,10100.00,month_to_month,credit_card,5,2.79,true,1
100558,69,34.75,1400.00,one_year,mailed_check,2,2.73,false,0
100559,32,76.02,1850.00,one_year,bank_transfer,0,3.85,false,0
100560,23,72.96,9000.00,month_to_month,bank_transfer,0,1.95,true,1
100561,23,50.04,1000.00,one_year,mailed_check,2,3.32,true,0
100562,24,46.34,1650.00,month_to_month,electronic_check,4,3.89,false,0
100563,39,73.20,1000.00,one_year,mailed_check,2,3.44,true,0
100564,55,66.63,1500.00,month_to_month,bank_transfer,1,1.78,true,0
100565,18,66.60,1950.00,month_to_month,credit_card,0,4.59,false,0
100566,53,65.12,1600.00,month_to_month,electronic_check,3,2.69,false,0
100567,1,95.40,7550.00,month_to_month,bank_transfer,0,,false,1
100568,36,75.43,1400.00,two_year,mailed_check,2,4.01,false,0
100569,61,64.99,1050.00,month_to_month,credit_card,4,4.00,true,0
100570,30,59.10,1900.00,one_year,credit_card,1,4.80,false,0
100571,23,67.01,1550.00,month_to_month,credit_card,2,3.56,false,0
100572,43,78.67,1400.00,two_year,electronic_check,4,4.36,false,0
100573,50,57.45,550.00,two_year,bank_transfer,5,4.47,true,0
100574,46,72.20,1150.00,two_year,mailed_check,3,2.35,true,0
100575,18,74.57,8550.00,month_to_month,electronic_check,4,3.37,false,1
100576,49,30.82,950.00,one_year,electronic_check,1,5.00,true,0
100577,33,62.45,1300.00,month_to_month,electronic_check,7,3.95,true,0
100578,6,106.69,8600.00,month_to_month,electronic_check,3,1.63,false,1
100579,40,67.14,1300.00,one_year,bank_transfer,4,2.83,false,0
100580,33,91.46,1600.00,one_year,electronic_check,0,4.20,true,0
100581,15,48.28,1350.00,month_to_month,credit_card,1,3.82,true,0
100582,25,85.20,8150.00,month_to_month,mailed_check,4,3.74,true,1
100583,15,127.97,8850.00,one_year,electronic_check,2,4.09,true,1
100584,31,79.17,1450.00,two_year,electronic_check,0,3.84,false,0
100585,36,67.80,1350.00,two_year,electronic_check,3,3.84,false,0
100586,25,70.75,1400.00,month_to_month,electronic_check,3,3.52,true,0
100587,60,55.13,2250.00,month_to_month,electronic_check,1,4.57,true,0
100588,42,54.28,1200.00,one_year,bank_transfer,0,3.71,false,0
100589,61,510.00,1500.00,one_year,credit_card,1,3.84,false,0
100590,25,72.25,8950.00,month_to_month,credit_card,2,4.09,true,1
100591,27,84.25,1450.00,two_year,electronic_check,5,3.14,true,0
100592,34,54.40,1950.00,two_year,credit_card,5,4.00,false,0
100593,54,90.43,350.00,one_year,credit_card,1,2.96,false,0
100594,47,63.45,1150.00,one_year,mailed_check,2,3.81,false,0
100595,1,74.37,8500.00,one_year,electronic_check,6,2.25,false,1
100596,30,62.51,1200.00,month_to_month,credit_card,2,3.18,false,0
100597,9,80.06,1550.00,one_year,bank_transfer,2,2.35,false,0
100598,24,48.79,1700.00,two_year,credit_card,1,4.37,false,0
100599,21,87.33,1300.00,month_to_month,mailed_check,0,2.27,false,0
100600,43,90.88,1950.00,month_to_month,bank_transfer,2,4.87,false,0
100601,33,46.22,2050.00,one_year,bank_transfer,6,3.93,true,0
100602,13,74.69,8500.00,month_to_month,electronic_check,2,2.73,false,1
100603,5,68.45,1450.00,two_year,credit_card,4,2.81,false,0
100604,23,95.98,2200.00,one_year,credit_card,0,3.89,true,0
100605,3,88.41,350.00,two_year,credit_card,3,3.13,false,0
100606,47,41.28,1750.00,month_to_month,credit_card,3,4.08,false,0
100607,13,59.75,1100.00,month_to_month,electronic_check,2,4.35,true,0
100608,31,77.59,1750.00,one_year,electronic_check,1,2.45,false,0
100609,43,50.26,1250.00,month_to_month,credit_card,0,4.40,false,0
100610,42,35.36,1350.00,two_year,bank_transfer,1,5.00,false,0
100611,51,101.78,1400.00,month_to_month,mailed_check,2,3.69,true,0
100612,22,65.43,1650.00,month_to_month,bank_transfer,3,4.83,true,0
100613,8,78.50,8300.00,month_to_month,electronic_check,4,3.61,false,1
100614,42,72.43,1200.00,two_year,electronic_check,1,3.29,true,0
100615,43,46.26,2050.00,month_to_month,bank_transfer,1,4.38,false,0
100616,45,59.05,1000.00,one_year,bank_transfer,2,3.46,true,0
100617,8,52.75,2050.00,month_to_month,credit_card,1,4.40,true,0
100618,44,105.61,1300.00,month_to_month,credit_card,4,4.82,false,0
100619,10,107.43,8550.00,month_to_month,electronic_check,2,2.35,false,1
100620,5,65.75,1850.00,one_year,bank_transfer,4,5.00,false,0
100621,44,83.00,1750.00,two_year,bank_transfer,2,1.55,true,0
100622,10,44.17,9100.00,month_to_month,credit_card,6,3.19,true,1
100623,49,66.08,400.00,one_year,bank_transfer,5,2.60,false,0
100624,7,66.85,850.00,month_to_month,credit_card,2,,false,0
100625,62,53.19,2400.00,month_to_month,mailed_check,0,3.12,true,0
100626,23,45.71,1050.00,one_year,bank_transfer,0,2.88,false,0
100627,26,67.38,1800.00,one_year,electronic_check,0,3.33,false,0
100628,40,85.27,1200.00,two_year,bank_transfer,5,3.12,true,0
100629,19,41.73,1400.00,two_year,credit_card,3,3.95,false,0
100630,58,58.73,1500.00,two_year,mailed_check,3,4.39,false,0
100631,12,60.30,1750.00,two_year,bank_transfer,2,3.09,false,0
100632,48,25.98,900.00,month_to_month,bank_transfer,4,3.39,true,0
100633,19,81.26,1450.00,month_to_month,bank_transfer,2,4.08,true,0
100634,1,57.27,1450.00,one_year,bank_transfer,0,3.74,false,0
100635,19,73.27,1100.00,one_year,electronic_check,3,2.63,true,0
100636,20,77.15,1300.00,two_year,mailed_check,2,2.70,false,0
100637,14,87.51,8750.00,one_year,mailed_check,6,4.13,true,1
100638,53,47.16,1650.00,two_year,bank_transfer,1,4.97,true,0
100639,7,51.64,9050.00,month_to_month,credit_card,4,4.37,false,1
100640,41,73.87,1700.00,two_year,credit_card,3,4.70,false,0
100641,8,99.90,8550.00,month_to_month,mailed_check,7,,false,1
100642,,48.65,1300.00,one_year,credit_card,6,3.42,false,0
100643,39,59.28,1250.00,one_year,mailed_check,1,3.44,false,0
100644,29,63.18,1000.00,two_year,bank_transfer,0,5.00,true,0
100645,43,45.60,1700.00,month_to_month,mailed_check,1,2.43,true,0
100646,38,37.71,1450.00,one_year,credit_card,2,3.25,false,0
100647,26,73.90,1400.00,two_year,mailed_check,1,4.87,false,0
100648,19,65.17,1100.00,one_year,credit_card,3,3.50,true,0
100649,1,65.03,1150.00,two_year,electronic_check,3,4.36,false,0
100650,18,101.84,8850.00,month_to_month,electronic_check,0,1.97,true,1
100651,1,51.70,8750.00,month_to_month,credit_card,6,2.79,true,1
100652,19,100.26,9250.00,month_to_month,electronic_check,6,,false,1
100653,33,68.36,1200.00,month_to_month,credit_card,5,3.06,false,0
100654,25,66.29,1500.00,two_year,electronic_check,3,3.58,false,0
100655,30,73.39,1500.00,month_to_month,bank_transfer,1,4.81,true,0
100656,7,85.42,8350.00,two_year,credit_card,4,,true,1
100657,25,54.80,8650.00,month_to_month,electronic_check,1,3.30,true,1
100658,60,52.99,1550.00,two_year,mailed_check,2,4.03,false,0
100659,59,56.08,1050.00,one_year,electronic_check,6,3.75,false,0
100660,23,57.10,1100.00,month_to_month,credit_card,0,3.94,true,0
100661,41,73.96,1300.00,one_year,electronic_check,1,2.63,true,0
100662,19,29.54,850.00,month_to_month,bank_transfer,2,2.20,true,0
100663,5,53.35,1200.00,two_year,credit_card,2,3.67,false,0
100664,2,58.91,8700.00,month_to_month,electronic_check,6,3.54,true,1
100665,19,100.30,8900.00,month_to_month,electronic_check,3,2.81,true,1
100666,18,38.72,1350.00,two_year,credit_card,0,4.15,true,0
100667,40,62.03,850.00,one_year,credit_card,7,4.25,false,0
100668,19,55.69,8350.00,month_to_month,electronic_check,1,3.21,true,1
100669,8,73.25,1250.00,two_year,electronic_check,5,3.36,true,0
100670,6,81.59,1250.00,month_to_month,credit_card,2,3.03,true,0
100671,51,82.73,1650.00,month_to_month,credit_card,2,3.21,true,0
100672,40,66.33,1350.00,two_year,credit_card,5,5.00,true,0
100673,37,70.20,2000.00,two_year,bank_transfer,2,4.15,false,0
100674,19,52.18,950.00,one_year,electronic_check,2,3.56,true,0
100675,32,91.92,1650.00,one_year,bank_transfer,3,3.85,false,0
100676,43,61.20,1200.00,month_to_month,bank_transfer,4,2.99,false,0
100677,27,61.89,1100.00,one_year,credit_card,4,2.95,true,0
100678,13,60.76,2250.00,two_year,electronic_check,0,4.54,false,0
100679,21,84.23,9800.00,month_to_month,mailed_check,6,4.15,true,1
100680,39,80.69,1200.00,one_year,mailed_check,4,3.11,true,0
100681,61,72.88,1950.00,two_year,credit_card,1,2.91,false,0
100682,43,40.62,2000.00,month_to_month,credit_card,4,4.44,false,0
100683,7,87.83,1350.00,two_year,mailed_check,3,,true,0
100684,13,80.76,9150.00,two_year,electronic_check,8,4.07,false,1
100685,25,58.37,1450.00,two_year,electronic_check,2,3.73,true,0
100686,50,52.79,1300.00,one_year,electronic_check,2,4.00,true,0
100687,50,42.18,1850.00,two_year,bank_transfer,6,2.82,false,0
100688,24,72.16,1300.00,month_to_month,credit_card,2,4.71,false,0
100689,61,70.11,1500.00,month_to_month,bank_transfer,1,3.21,false,0
100690,20,66.20,1450.00,month_to_month,electronic_check,2,5.00,true,0
100691,1,56.63,8550.00,one_year,credit_card,7,3.82,false,1
100692,44,66.32,1250.00,month_to_month,bank_transfer,2,3.62,true,0
100693,7,44.80,8700.00,month_to_month,electronic_check,0,3.58,false,1
100694,5,108.35,9450.00,month_to_month,electronic_check,0,2.92,true,1
100695,1,70.98,650.00,month_to_month,electronic_check,3,4.05,true,0
100696,2,74.31,1150.00,month_to_month,credit_card,0,1.82,false,0
100697,2,71.43,1800.00,month_to_month,electronic_check,3,3.05,false,0
100698,,73.29,2350.00,month_to_month,bank_transfer,3,3.93,false,0
100699,49,67.11,1100.00,one_year,electronic_check,2,4.41,true,0
100700,14,98.12,8000.00,month_to_month,electronic_check,7,4.06,false,1
100701,1,36.71,1300.00,one_year,electronic_check,0,3.16,true,0
100702,6,76.86,8800.00,month_to_month,electronic_check,4,3.39,true,1
100703,26,57.59,2050.00,month_to_month,electronic_check,4,3.24,false,0
100704,3,36.08,9350.00,one_year,mailed_check,0,2.78,false,1
100705,37,71.44,1100.00,two_year,bank_transfer,3,3.43,true,0
100706,12,79.53,1650.00,month_to_month,electronic_check,6,5.00,false,0
100707,10,68.12,1500.00,month_to_month,credit_card,2,3.06,true,0
100708,53,42.55,1000.00,month_to_month,mailed_check,0,3.17,false,0
100709,29,79.72,1750.00,month_to_month,mailed_check,0,4.53,false,0
100710,11,61.99,1550.00,one_year,electronic_check,0,3.31,true,0
100711,35,48.84,1300.00,month_to_month,electronic_check,3,4.03,false,0
100712,25,62.69,1650.00,month_to_month,bank_transfer,0,2.69,true,0
100713,1,88.49,8750.00,month_to_month,electronic_check,4,3.55,false,1
100714,35,90.73,8750.00,one_year,electronic_check,0,2.76,true,1
100715,39,81.34,800.00,month_to_month,mailed_check,0,3.42,false,0
100716,12,87.37,8750.00,month_to_month,mailed_check,0,2.97,false,1
100717,35,81.56,1050.00,two_year,credit_card,2,3.24,true,0
100718,31,77.42,1200.00,one_year,credit_card,3,3.97,true,0
100719,13,58.62,1850.00,one_year,bank_transfer,2,3.24,true,0
100720,19,73.17,8850.00,month_to_month,electronic_check,2,2.60,false,1
100721,38,88.67,1200.00,two_year,electronic_check,0,3.17,true,0
100722,1,49.04,1700.00,month_to_month,mailed_check,0,3.58,false,0
100723,26,72.74,1800.00,one_year,credit_card,2,2.47,true,0
100724,30,41.51,750.00,two_year,electronic_check,0,3.95,true,0
100725,49,71.60,1350.00,two_year,credit_card,2,3.23,false,0
100726,43,68.92,1650.00,two_year,credit_card,4,,false,0
100727,17,97.52,8950.00,month_to_month,bank_transfer,6,4.50,true,1
100728,5,56.90,950.00,month_to_month,bank_transfer,4,4.66,false,0
100729,31,54.67,950.00,month_to_month,bank_transfer,4,3.43,true,0
100730,53,58.56,900.00,month_to_month,electronic_check,0,3.04,true,0
100731,38,52.58,1500.00,two_year,bank_transfer,4,3.58,true,0
100732,72,103.29,1400.00,one_year,credit_card,1,4.25,false,0
100733,22,66.25,8250.00,month_to_month,credit_card,7,2.98,true,1
100734,1,71.75,8700.00,month_to_month,credit_card,3,4.42,false,1
100735,7,62.67,9300.00,month_to_month,bank_transfer,0,4.50,true,1
100736,9,94.96,2500.00,month_to_month,electronic_check,0,3.77,false,0
100737,47,76.88,1350.00,one_year,mailed_check,3,4.55,false,0
100738,8,35.00,8850.00,month_to_month,bank_transfer,6,2.13,true,1
100739,36,50.53,1650.00,month_to_month,credit_card,0,3.65,true,0
100740,21,71.26,1150.00,two_year,bank_transfer,3,4.19,false,0
100741,2,103.86,8950.00,one_year,electronic_check,3,2.64,true,1
100742,37,43.93,1850.00,month_to_month,credit_card,2,4.39,true,0
100743,35,74.90,750.00,one_year,bank_transfer,2,4.03,false,0
100744,57,39.87,900.00,one_year,bank_transfer,4,3.74,false,0
100745,32,82.20,1250.00,month_to_month,bank_transfer,3,2.44,true,0
100746,36,88.27,1450.00,one_year,electronic_check,7,,false,0
100747,51,61.08,1600.00,one_year,electronic_check,1,4.16,true,0
100748,27,52.85,900.00,two_year,electronic_check,2,3.87,true,0
100749,27,48.99,900.00,two_year,credit_card,3,3.76,true,0
100750,34,66.13,1900.00,month_to_month,electronic_check,5,2.95,false,0
100751,21,61.22,1800.00,one_year,credit_card,6,4.34,false,0
100752,15,63.61,800.00,month_to_month,credit_card,0,3.69,false,0
100753,16,43.52,1700.00,month_to_month,electronic_check,3,4.60,true,0
100754,39,29.94,2050.00,month_to_month,electronic_check,1,4.44,true,0
100755,41,67.89,1500.00,month_to_month,electronic_check,0,3.98,false,0
100756,21,74.83,1300.00,two_year,credit_card,1,2.79,false,0
100757,23,73.36,1050.00,month_to_month,credit_card,5,4.04,true,0
100758,33,65.14,1400.00,two_year,electronic_check,1,4.01,false,0
100759,6,91.14,9100.00,one_year,electronic_check,4,2.82,false,1
100760,20,67.64,8650.00,month_to_month,credit_card,0,1.93,true,1
100761,18,105.91,2000.00,one_year,mailed_check,3,4.15,false,0
100762,34,45.22,950.00,two_year,bank_transfer,5,2.77,false,0
100763,4,81.57,900.00,two_year,credit_card,1,2.59,false,0
100764,32,57.17,1250.00,month_to_month,electronic_check,2,4.10,false,0
100765,1,94.06,1700.00,month_to_month,bank_transfer,0,4.41,true,0
100766,32,66.66,1350.00,month_to_month,credit_card,3,3.82,false,0
100767,16,51.59,1550.00,month_to_month,credit_card,1,3.32,true,0
100768,25,57.91,1500.00,month_to_month,bank_transfer,2,3.40,false,0
100769,1,117.19,10050.00,month_to_month,mailed_check,1,2.81,true,1
100770,52,82.56,1300.00,two_year,bank_transfer,0,4.83,true,0
100771,45,72.29,1850.00,two_year,credit_card,5,2.70,true,0
100772,58,62.02,2300.00,month_to_month,credit_card,0,3.91,true,0
100773,46,82.84,1250.00,one_year,credit_card,1,4.31,true,0
100774,30,72.14,1600.00,one_year,bank_transfer,1,3.68,false,0
100775,48,95.74,1900.00,month_to_month,bank_transfer,1,4.22,false,0
100776,31,118.62,9200.00,month_to_month,electronic_check,0,3.53,true,1
100777,11,61.05,1600.00,two_year,credit_card,0,4.12,false,0
100778,2,97.82,8800.00,month_to_month,credit_card,1,1.90,true,1
100779,29,78.65,1950.00,two_year,bank_transfer,0,4.22,false,0
100780,39,47.14,2000.00,one_year,electronic_check,7,3.71,true,0
100781,32,49.56,1850.00,month_to_month,mailed_check,2,4.01,false,0
100782,28,67.79,8400.00,one_year,electronic_check,2,5.00,true,1
100783,25,57.22,1800.00,one_year,electronic_check,2,3.68,true,0
100784,21,81.37,2150.00,one_year,bank_transfer,2,1.93,true,0
100785,53,66.26,1600.00,one_year,credit_card,0,3.99,true,0
100786,55,67.46,900.00,month_to_month,bank_transfer,2,4.17,false,0
100787,23,125.73,8800.00,month_to_month,bank_transfer,4,3.70,true,1
100788,50,59.47,1150.00,two_year,credit_card,1,4.06,true,0
100789,45,78.78,1350.00,two_year,credit_card,2,3.41,true,0
100790,25,73.89,1850.00,two_year,electronic_check,3,3.89,true,0
100791,5,75.35,1150.00,one_year,credit_card,3,3.09,false,0
100792,16,72.88,1600.00,month_to_month,credit_card,2,5.00,true,0
100793,29,34.70,1950.00,month_to_month,electronic_check,5,2.02,false,0
100794,40,68.48,1850.00,two_year,bank_transfer,6,4.83,true,0
100795,40,58.37,1450.00,month_to_month,credit_card,0,3.72,true,0
100796,23,66.37,1550.00,one_year,credit_card,2,3.59,true,0
100797,40,40.59,2300.00,month_to_month,bank_transfer,2,3.85,false,0
100798,25,72.73,1900.00,one_year,credit_card,0,4.37,false,0
100799,,39.33,1400.00,month_to_month,electronic_check,3,3.87,false,0
100800,5,52.50,1150.00,two_year,electronic_check,2,2.81,false,0
100801,24,98.13,7650.00,month_to_month,bank_transfer,1,2.85,false,1
100802,17,90.88,8800.00,month_to_month,mailed_check,3,2.56,true,1
100803,6,85.79,8800.00,two_year,electronic_check,2,3.63,false,1
100804,28,81.30,1300.00,month_to_month,bank_transfer,2,3.92,false,0
100805,20,51.88,1700.00,one_year,credit_card,1,3.80,false,0
100806,11,37.37,250.00,one_year,credit_card,2,3.44,true,0
100807,20,54.71,1750.00,month_to_month,bank_transfer,3,4.23,false,0
100808,40,72.06,1550.00,month_to_month,bank_transfer,5,4.49,false,0
100809,20,89.55,1150.00,two_year,credit_card,0,2.98,true,0
100810,9,82.22,1900.00,month_to_month,bank_transfer,2,4.49,false,0
100811,83,61.14,1200.00,month_to_month,mailed_check,1,3.78,true,0
100812,36,52.65,1500.00,month_to_month,credit_card,3,,true,0
100813,56,50.78,1650.00,two_year,credit_card,2,4.72,true,0
100814,25,65.05,2050.00,two_year,bank_transfer,1,3.46,true,0
100815,30,86.36,2250.00,two_year,mailed_check,3,5.00,false,0
100816,2,79.29,1850.00,two_year,credit_card,5,3.57,true,0
100817,53,61.21,1500.00,two_year,electronic_check,2,3.53,true,0
100818,13,58.44,1350.00,month_to_month,bank_transfer,0,3.50,false,0
100819,8,68.00,2050.00,month_to_month,electronic_check,0,2.24,false,0
100820,28,73.19,8800.00,two_year,credit_card,2,2.19,false,1
100821,32,48.34,1550.00,month_to_month,electronic_check,0,2.77,false,0
100822,47,82.71,1800.00,two_year,bank_transfer,2,3.06,false,0
100823,15,60.23,9050.00,one_year,credit_card,3,3.41,true,1
100824,61,75.00,1100.00,month_to_month,credit_card,1,5.00,true,0
100825,,48.78,450.00,one_year,electronic_check,2,3.30,false,0
100826,14,45.99,1650.00,two_year,electronic_check,2,4.59,true,0
100827,42,102.52,2050.00,two_year,electronic_check,3,3.85,true,0
100828,4,57.79,2600.00,month_to_month,electronic_check,1,5.00,true,0
100829,17,52.67,1750.00,two_year,mailed_check,1,3.49,false,0
100830,30,51.36,1350.00,one_year,bank_transfer,4,3.13,false,0
100831,61,57.19,1500.00,one_year,credit_card,3,5.00,true,0
100832,12,52.62,9000.00,month_to_month,electronic_check,2,3.29,true,1
100833,31,50.11,700.00,one_year,electronic_check,2,3.90,true,0
100834,18,70.26,8950.00,month_to_month,credit_card,2,2.67,true,1
100835,37,40.95,1900.00,month_to_month,electronic_check,2,3.12,true,0
100836,48,80.23,1800.00,month_to_month,mailed_check,4,4.89,true,0
100837,15,89.31,8900.00,one_year,credit_card,3,4.40,false,1
100838,25,52.29,2400.00,one_year,bank_transfer,1,3.75,false,0
100839,22,63.58,1100.00,month_to_month,credit_card,2,3.68,false,0
100840,29,65.69,2050.00,two_year,electronic_check,5,4.60,false,0
100841,36,49.05,1450.00,month_to_month,credit_card,4,3.45,true,0
100842,17,43.71,1300.00,two_year,electronic_check,2,2.38,false,0
100843,9,50.17,1950.00,two_year,credit_card,6,4.17,false,0
100844,35,95.03,2100.00,one_year,credit_card,3,2.73,true,0
100845,33,64.15,1700.00,one_year,electronic_check,1,4.41,false,0
100846,33,61.89,700.00,month_to_month,bank_transfer,1,2.51,false,0
100847,14,124.03,9650.00,one_year,electronic_check,0,3.42,true,1
100848,53,59.79,1200.00,one_year,credit_card,4,2.69,false,0
100849,28,64.70,1400.00,two_year,credit_card,0,5.00,true,0
100850,3,91.19,9250.00,two_year,electronic_check,1,2.47,false,1
100851,21,70.08,1400.00,month_to_month,credit_card,3,4.65,false,0
100852,21,54.51,1050.00,month_to_month,bank_transfer,5,3.50,true,0
100853,16,48.91,1750.00,one_year,mailed_check,2,3.75,true,0
100854,35,58.39,2000.00,one_year,credit_card,4,5.00,false,0
100855,24,70.50,1850.00,two_year,credit_card,3,2.96,false,0
100856,38,72.97,9000.00,month_to_month,electronic_check,0,4.39,false,1
100857,42,62.30,1000.00,two_year,bank_transfer,4,2.55,true,0
100858,1,52.79,1100.00,two_year,electronic_check,4,4.22,false,0
100859,63,38.48,1300.00,two_year,credit_card,3,3.20,true,0
100860,30,46.50,650.00,month_to_month,mailed_check,2,2.78,true,0
100861,1,72.08,8500.00,month_to_month,electronic_check,3,3.92,false,1
100862,8,61.78,1750.00,two_year,bank_transfer,0,2.87,true,0
100863,9,74.34,1650.00,one_year,bank_transfer,2,3.40,false,0
100864,53,57.22,1550.00,two_year,electronic_check,1,4.25,false,0
100865,36,65.11,1300.00,month_to_month,bank_transfer,2,3.58,false,0
100866,28,72.38,1400.00,month_to_month,credit_card,5,1.19,false,0
100867,2,69.19,2250.00,one_year,credit_card,0,,false,0
100868,31,74.40,2200.00,one_year,credit_card,6,3.77,true,0
100869,42,58.42,1000.00,one_year,credit_card,0,3.65,true,0
100870,41,70.90,1350.00,one_year,bank_transfer,0,5.00,false,0
100871,45,49.99,500.00,two_year,mailed_check,4,4.89,false,0
100872,8,86.45,8700.00,month_to_month,electronic_check,5,4.10,false,1
100873,33,91.31,1600.00,month_to_month,credit_card,0,2.62,false,0
100874,18,46.71,1500.00,month_to_month,mailed_check,1,2.82,false,0
100875,35,93.73,1500.00,two_year,credit_card,0,2.71,false,0
100876,42,98.72,950.00,month_to_month,bank_transfer,1,3.79,true,0
100877,32,90.00,8700.00,one_year,electronic_check,1,3.92,false,1
100878,51,61.52,1350.00,month_to_month,electronic_check,4,,true,0
100879,48,51.09,1400.00,month_to_month,credit_card,0,2.91,true,0
100880,1,52.27,1150.00,month_to_month,electronic_check,0,2.66,true,0
100881,20,76.74,1000.00,two_year,bank_transfer,1,3.16,true,0
100882,30,41.81,1750.00,one_year,credit_card,1,3.30,false,0
100883,59,66.77,1400.00,one_year,credit_card,1,3.47,true,0
100884,16,66.00,1400.00,month_to_month,bank_transfer,2,4.24,false,0
100885,45,44.99,1900.00,month_to_month,electronic_check,2,3.41,false,0
100886,47,32.53,1700.00,month_to_month,electronic_check,2,4.13,true,0
100887,30,65.34,1750.00,one_year,bank_transfer,2,4.27,false,0
100888,31,82.34,1100.00,two_year,credit_card,2,3.39,true,0
100889,24,68.36,1650.00,two_year,bank_transfer,1,2.10,false,0
100890,27,88.15,8650.00,month_to_month,mailed_check,2,3.38,true,1
100891,69,72.91,1900.00,month_to_month,bank_transfer,5,4.62,true,0
100892,47,82.39,1500.00,month_to_month,mailed_check,1,3.18,false,0
100893,36,65.46,1500.00,month_to_month,credit_card,0,4.58,true,0
100894,51,50.20,1400.00,one_year,credit_card,1,4.94,true,0
100895,7,55.82,8900.00,month_to_month,electronic_check,3,1.80,false,1
100896,46,43.16,1650.00,one_year,bank_transfer,6,4.64,false,0
100897,12,76.25,1450.00,one_year,electronic_check,3,3.10,false,0
100898,53,56.68,1300.00,month_to_month,electronic_check,3,2.81,false,0
100899,16,67.21,1250.00,two_year,mailed_check,1,4.62,true,0
100900,24,75.30,1650.00,two_year,mailed_check,0,5.00,true,0
100901,5,78.72,8450.00,month_to_month,mailed_check,7,3.45,false,1
100902,49,91.22,1400.00,one_year,credit_card,5,5.00,false,0
100903,2,50.30,1600.00,month_to_month,mailed_check,2,3.40,true,0
100904,48,45.94,1550.00,one_year,credit_card,1,5.00,false,0
100905,29,87.53,9100.00,month_to_month,electronic_check,1,3.97,false,1
100906,1,71.23,9450.00,month_to_month,bank_transfer,0,3.14,true,1
100907,1,67.18,1600.00,one_year,credit_card,3,3.80,false,0
100908,42,79.46,1700.00,month_to_month,bank_transfer,3,4.62,true,0
100909,7,63.51,1050.00,one_year,credit_card,1,3.33,true,0
100910,16,62.26,1750.00,month_to_month,bank_transfer,3,2.72,true,0
100911,28,27.76,1150.00,month_to_month,bank_transfer,2,3.70,true,0
100912,49,67.60,1550.00,month_to_month,mailed_check,5,3.48,false,0
100913,32,94.21,9200.00,month_to_month,electronic_check,1,4.23,false,1
100914,28,120.53,9450.00,one_year,electronic_check,6,2.03,true,1
100915,23,76.82,1900.00,one_year,credit_card,2,3.79,false,0
100916,45,75.32,1200.00,month_to_month,credit_card,2,3.32,false,0
100917,78,82.48,700.00,month_to_month,bank_transfer,2,2.10,true,0
100918,32,71.92,950.00,one_year,bank_transfer,1,3.68,false,0
100919,6,89.27,1150.00,one_year,credit_card,4,4.79,true,0
100920,45,43.56,1050.00,month_to_month,credit_card,2,4.14,true,0
100921,17,65.87,9500.00,one_year,bank_transfer,2,2.87,true,1
100922,17,55.01,9850.00,month_to_month,electronic_check,5,3.22,false,1
100923,45,93.86,1650.00,month_to_month,bank_transfer,1,4.02,false,0
100924,19,73.63,2150.00,month_to_month,bank_transfer,3,4.17,true,0
100925,15,58.99,1600.00,month_to_month,credit_card,0,3.44,false,0
100926,22,42.07,1150.00,one_year,bank_transfer,0,3.58,true,0
100927,11,72.56,8200.00,month_to_month,electronic_check,3,3.99,false,1
100928,12,60.56,850.00,two_year,bank_transfer,2,3.35,true,0
100929,9,88.89,7900.00,month_to_month,bank_transfer,5,5.00,true,1
100930,55,48.26,1250.00,two_year,bank_transfer,0,3.34,false,0
100931,31,60.74,1950.00,one_year,bank_transfer,6,2.82,false,0
100932,56,55.98,1350.00,one_year,bank_transfer,3,3.94,false,0
100933,23,83.77,1450.00,two_year,electronic_check,4,4.11,false,0
100934,45,81.07,1400.00,month_to_month,mailed_check,0,4.49,true,0
100935,3,66.68,9200.00,month_to_month,bank_transfer,2,2.51,true,1
100936,69,81.30,1250.00,one_year,bank_transfer,5,3.23,false,0
100937,43,39.04,1750.00,month_to_month,electronic_check,2,2.40,false,0
100938,52,57.05,1650.00,two_year,credit_card,4,5.00,true,0
100939,46,65.57,2150.00,one_year,credit_card,2,4.05,true,0
100940,30,91.86,1400.00,month_to_month,credit_card,0,3.70,true,0
100941,41,49.32,1650.00,two_year,credit_card,4,4.55,true,0
100942,13,92.06,9000.00,month_to_month,mailed_check,2,1.96,true,1
100943,26,20.00,350.00,month_to_month,electronic_check,2,3.29,false,0
100944,13,74.17,1900.00,month_to_month,bank_transfer,3,3.21,false,0
100945,41,70.85,1750.00,month_to_month,bank_transfer,1,2.12,true,0
100946,15,69.73,2100.00,month_to_month,credit_card,0,4.43,true,0
100947,18,91.36,9100.00,month_to_month,bank_transfer,4,3.50,false,1
100948,1,60.56,1600.00,two_year,credit_card,2,3.83,true,0
100949,39,82.42,9450.00,one_year,bank_transfer,4,2.00,true,1
100950,27,68.34,1450.00,two_year,bank_transfer,3,3.98,false,0
100951,36,64.47,2000.00,month_to_month,electronic_check,7,2.90,true,0
100952,26,49.29,550.00,month_to_month,bank_transfer,0,3.29,true,0
100953,21,62.83,1300.00,two_year,bank_transfer,3,3.71,false,0
100954,24,69.46,9750.00,month_to_month,electronic_check,4,,false,1
100955,40,69.82,1500.00,one_year,credit_card,2,2.97,false,0
100956,11,42.52,9150.00,one_year,electronic_check,0,1.71,true,1
100957,22,108.86,8900.00,one_year,electronic_check,0,2.12,true,1
100958,25,58.81,950.00,month_to_month,credit_card,1,3.56,true,0
100959,20,61.07,1800.00,month_to_month,bank_transfer,2,2.64,false,0
100960,52,71.58,1750.00,one_year,credit_card,2,4.06,false,0
100961,35,45.91,1550.00,two_year,electronic_check,2,3.18,true,0
100962,39,63.08,2100.00,month_to_month,credit_card,3,4.33,false,0
100963,36,84.58,1900.00,one_year,electronic_check,3,2.21,false,0
100964,37,69.88,2000.00,month_to_month,bank_transfer,0,3.22,false,0
100965,43,77.83,2050.00,month_to_month,credit_card,2,3.78,true,0
100966,1,88.05,1150.00,month_to_month,mailed_check,3,2.17,false,0
100967,45,77.98,1700.00,month_to_month,credit_card,6,1.00,false,0
100968,28,70.87,2400.00,one_year,bank_transfer,4,1.66,true,0
100969,24,71.42,8950.00,month_to_month,electronic_check,6,2.98,true,1
100970,17,88.75,8700.00,month_to_month,electronic_check,4,2.63,false,1
100971,46,62.16,1150.00,two_year,electronic_check,1,3.54,false,0
100972,25,64.56,1900.00,month_to_month,electronic_check,2,3.55,true,0
100973,15,87.64,8350.00,one_year,bank_transfer,4,2.89,true,1
100974,34,69.26,800.00,one_year,credit_card,0,3.50,false,0
100975,25,88.57,1350.00,two_year,credit_card,1,,true,0
100976,20,57.89,1400.00,two_year,bank_transfer,0,2.17,false,0
100977,54,78.95,1950.00,one_year,bank_transfer,2,3.33,true,0
100978,,100.12,7850.00,one_year,electronic_check,4,3.95,false,1
100979,22,35.89,1200.00,month_to_month,credit_card,1,3.40,true,0
100980,34,62.65,1600.00,one_year,bank_transfer,1,3.98,false,0
100981,40,55.60,1050.00,one_year,credit_card,2,3.74,false,0
100982,6,76.91,2100.00,month_to_month,mailed_check,2,2.64,true,0
100983,10,79.45,8400.00,month_to_month,electronic_check,1,2.79,true,1
100984,23,78.21,9550.00,one_year,electronic_check,4,3.45,true,1
100985,40,62.45,1500.00,two_year,credit_card,0,4.33,false,0
100986,10,79.36,1550.00,one_year,bank_transfer,2,4.72,false,0
100987,39,50.93,1050.00,two_year,bank_transfer,4,3.94,false,0
100988,20,45.67,1800.00,month_to_month,credit_card,2,4.97,true,0
100989,39,86.71,1200.00,two_year,credit_card,0,4.11,false,0
100990,40,41.15,850.00,one_year,electronic_check,2,3.48,true,0
100991,1,70.46,2150.00,month_to_month,bank_transfer,1,4.03,true,0
100992,24,105.63,10350.00,month_to_month,electronic_check,1,3.01,true,1
100993,38,43.44,1150.00,month_to_month,bank_transfer,1,3.14,true,0
100994,,114.27,9200.00,month_to_month,electronic_check,6,4.76,true,1
100995,32,66.65,1650.00,month_to_month,credit_card,1,3.35,false,0
100996,39,47.35,1450.00,one_year,electronic_check,4,3.12,true,0
100997,21,63.82,1350.00,one_year,bank_transfer,1,2.76,false,0
100998,17,69.43,9250.00,month_to_month,electronic_check,6,1.93,true,1
100999,26,49.56,1800.00,one_year,mailed_check,2,2.44,false,0